mode,map50,map50_95,ap50_injection_needle,map50_95_injection_needle,ap50_holding_needle,map50_95_holding_needle,ap50_oocyte,map50_95_oocyte
raw,0.4611263613893188,0.3118529048633996,0.39044208005377357,0.2010799988391982,0.07839637584524223,0.046818287764552116,0.9145406282689406,0.6876604279864487
postprocess,0.6233585689270398,0.43514209853383984,0.4592377813462756,0.23547047971987278,0.4986550397776369,0.3821539300281179,0.9121828856572067,0.6878018858535286
