mode,map50,map50_95,ap50_injection_needle,map50_95_injection_needle,ap50_holding_needle,map50_95_holding_needle,ap50_oocyte,map50_95_oocyte
raw,0.48469389122539513,0.3159518653452785,0.44614826364414073,0.2081844210835985,0.10427713168725061,0.06629358329382981,0.9036562783447941,0.6733775916584073
postprocess,0.6564058674855139,0.44241808764956553,0.5319673720015556,0.24782002692395122,0.5371513211843646,0.40560599625035376,0.9000989092706213,0.6738282397743915
